TurbID,node_index,signal,representation,component,causal_window,future_horizon,association_method,association,absolute_association,valid_pair_count,feature_information_end_offset,target_start_offset,target_end_offset,fit_split
1,0,Patv_raw,raw,raw,,3,pearson,0.9770947997916444,0.9770947997916444,1361,0,1,3,train
2,1,Patv_raw,raw,raw,,3,pearson,0.9782767217896513,0.9782767217896513,1437,0,1,3,train
3,2,Patv_raw,raw,raw,,3,pearson,0.9779165306938921,0.9779165306938921,1437,0,1,3,train
4,3,Patv_raw,raw,raw,,3,pearson,0.9771926082712723,0.9771926082712723,1437,0,1,3,train
5,4,Patv_raw,raw,raw,,3,pearson,0.9768798303303301,0.9768798303303301,1437,0,1,3,train
6,5,Patv_raw,raw,raw,,3,pearson,0.9763029116387176,0.9763029116387176,1437,0,1,3,train
7,6,Patv_raw,raw,raw,,3,pearson,0.9785400757494821,0.9785400757494821,1437,0,1,3,train
8,7,Patv_raw,raw,raw,,3,pearson,0.9773291233080736,0.9773291233080736,1437,0,1,3,train
1,0,Patv_raw,raw,raw,,6,pearson,0.9665960088537098,0.9665960088537098,1358,0,1,6,train
2,1,Patv_raw,raw,raw,,6,pearson,0.9670143404694896,0.9670143404694896,1434,0,1,6,train
3,2,Patv_raw,raw,raw,,6,pearson,0.9672297038524296,0.9672297038524296,1434,0,1,6,train
4,3,Patv_raw,raw,raw,,6,pearson,0.9669528598030115,0.9669528598030115,1434,0,1,6,train
5,4,Patv_raw,raw,raw,,6,pearson,0.966494005977474,0.966494005977474,1434,0,1,6,train
6,5,Patv_raw,raw,raw,,6,pearson,0.9656495066756747,0.9656495066756747,1434,0,1,6,train
7,6,Patv_raw,raw,raw,,6,pearson,0.9678175843936022,0.9678175843936022,1434,0,1,6,train
8,7,Patv_raw,raw,raw,,6,pearson,0.9670096959743278,0.9670096959743278,1434,0,1,6,train
1,0,Patv_raw,raw,raw,,10,pearson,0.9402097907900059,0.9402097907900059,1354,0,1,10,train
2,1,Patv_raw,raw,raw,,10,pearson,0.9403999778809407,0.9403999778809407,1430,0,1,10,train
3,2,Patv_raw,raw,raw,,10,pearson,0.9407946128529965,0.9407946128529965,1430,0,1,10,train
4,3,Patv_raw,raw,raw,,10,pearson,0.9406198877858029,0.9406198877858029,1430,0,1,10,train
5,4,Patv_raw,raw,raw,,10,pearson,0.9400657737521692,0.9400657737521692,1430,0,1,10,train
6,5,Patv_raw,raw,raw,,10,pearson,0.9396180990107825,0.9396180990107825,1430,0,1,10,train
7,6,Patv_raw,raw,raw,,10,pearson,0.9410825373087077,0.9410825373087077,1430,0,1,10,train
8,7,Patv_raw,raw,raw,,10,pearson,0.9403017249271062,0.9403017249271062,1430,0,1,10,train
1,0,Patv_raw,trend_ma6,trend,6.0,3,pearson,0.9626199095357285,0.9626199095357285,1436,0,1,3,train
2,1,Patv_raw,trend_ma6,trend,6.0,3,pearson,0.9628442127927372,0.9628442127927372,1437,0,1,3,train
3,2,Patv_raw,trend_ma6,trend,6.0,3,pearson,0.9625114760695227,0.9625114760695227,1437,0,1,3,train
4,3,Patv_raw,trend_ma6,trend,6.0,3,pearson,0.962920499330955,0.962920499330955,1437,0,1,3,train
5,4,Patv_raw,trend_ma6,trend,6.0,3,pearson,0.9620613730397288,0.9620613730397288,1437,0,1,3,train
6,5,Patv_raw,trend_ma6,trend,6.0,3,pearson,0.962221476646879,0.962221476646879,1437,0,1,3,train
7,6,Patv_raw,trend_ma6,trend,6.0,3,pearson,0.9635300236252192,0.9635300236252192,1437,0,1,3,train
8,7,Patv_raw,trend_ma6,trend,6.0,3,pearson,0.9627335155841187,0.9627335155841187,1437,0,1,3,train
1,0,Patv_raw,trend_ma6,trend,6.0,6,pearson,0.940768017332714,0.940768017332714,1433,0,1,6,train
2,1,Patv_raw,trend_ma6,trend,6.0,6,pearson,0.9405801291059538,0.9405801291059538,1434,0,1,6,train
3,2,Patv_raw,trend_ma6,trend,6.0,6,pearson,0.9404164577437474,0.9404164577437474,1434,0,1,6,train
4,3,Patv_raw,trend_ma6,trend,6.0,6,pearson,0.9410032251076448,0.9410032251076448,1434,0,1,6,train
5,4,Patv_raw,trend_ma6,trend,6.0,6,pearson,0.9402535330861171,0.9402535330861171,1434,0,1,6,train
6,5,Patv_raw,trend_ma6,trend,6.0,6,pearson,0.9405462437969828,0.9405462437969828,1434,0,1,6,train
7,6,Patv_raw,trend_ma6,trend,6.0,6,pearson,0.9411647729697995,0.9411647729697995,1434,0,1,6,train
8,7,Patv_raw,trend_ma6,trend,6.0,6,pearson,0.9406140098930995,0.9406140098930995,1434,0,1,6,train
1,0,Patv_raw,trend_ma6,trend,6.0,10,pearson,0.8993247533299447,0.8993247533299447,1429,0,1,10,train
2,1,Patv_raw,trend_ma6,trend,6.0,10,pearson,0.8991826996226321,0.8991826996226321,1430,0,1,10,train
3,2,Patv_raw,trend_ma6,trend,6.0,10,pearson,0.8988632012190072,0.8988632012190072,1430,0,1,10,train
4,3,Patv_raw,trend_ma6,trend,6.0,10,pearson,0.8995963438778011,0.8995963438778011,1430,0,1,10,train
5,4,Patv_raw,trend_ma6,trend,6.0,10,pearson,0.898767155001371,0.898767155001371,1430,0,1,10,train
6,5,Patv_raw,trend_ma6,trend,6.0,10,pearson,0.8991947051884188,0.8991947051884188,1430,0,1,10,train
7,6,Patv_raw,trend_ma6,trend,6.0,10,pearson,0.8992914885169638,0.8992914885169638,1430,0,1,10,train
8,7,Patv_raw,trend_ma6,trend,6.0,10,pearson,0.8990725246907234,0.8990725246907234,1430,0,1,10,train
1,0,Patv_raw,local_residual_ma6,local_residual,6.0,3,pearson,0.15316011427012677,0.15316011427012677,1361,0,1,3,train
2,1,Patv_raw,local_residual_ma6,local_residual,6.0,3,pearson,0.1570245212620548,0.1570245212620548,1437,0,1,3,train
3,2,Patv_raw,local_residual_ma6,local_residual,6.0,3,pearson,0.15454122369353188,0.15454122369353188,1437,0,1,3,train
4,3,Patv_raw,local_residual_ma6,local_residual,6.0,3,pearson,0.15176622589933356,0.15176622589933356,1437,0,1,3,train
5,4,Patv_raw,local_residual_ma6,local_residual,6.0,3,pearson,0.15412413290805288,0.15412413290805288,1437,0,1,3,train
6,5,Patv_raw,local_residual_ma6,local_residual,6.0,3,pearson,0.15159352044863786,0.15159352044863786,1437,0,1,3,train
7,6,Patv_raw,local_residual_ma6,local_residual,6.0,3,pearson,0.154363054181074,0.154363054181074,1437,0,1,3,train
8,7,Patv_raw,local_residual_ma6,local_residual,6.0,3,pearson,0.15290707037245208,0.15290707037245208,1437,0,1,3,train
1,0,Patv_raw,local_residual_ma6,local_residual,6.0,6,pearson,0.20587736776427365,0.20587736776427365,1358,0,1,6,train
2,1,Patv_raw,local_residual_ma6,local_residual,6.0,6,pearson,0.2093990402937168,0.2093990402937168,1434,0,1,6,train
3,2,Patv_raw,local_residual_ma6,local_residual,6.0,6,pearson,0.21037303395896675,0.21037303395896675,1434,0,1,6,train
4,3,Patv_raw,local_residual_ma6,local_residual,6.0,6,pearson,0.20699525250719844,0.20699525250719844,1434,0,1,6,train
5,4,Patv_raw,local_residual_ma6,local_residual,6.0,6,pearson,0.2071707547403001,0.2071707547403001,1434,0,1,6,train
6,5,Patv_raw,local_residual_ma6,local_residual,6.0,6,pearson,0.20245815323308025,0.20245815323308025,1434,0,1,6,train
7,6,Patv_raw,local_residual_ma6,local_residual,6.0,6,pearson,0.21079963464972942,0.21079963464972942,1434,0,1,6,train
8,7,Patv_raw,local_residual_ma6,local_residual,6.0,6,pearson,0.2086061773075142,0.2086061773075142,1434,0,1,6,train
1,0,Patv_raw,local_residual_ma6,local_residual,6.0,10,pearson,0.277244040318993,0.277244040318993,1354,0,1,10,train
2,1,Patv_raw,local_residual_ma6,local_residual,6.0,10,pearson,0.27891766963605796,0.27891766963605796,1430,0,1,10,train
3,2,Patv_raw,local_residual_ma6,local_residual,6.0,10,pearson,0.28177116368610383,0.28177116368610383,1430,0,1,10,train
4,3,Patv_raw,local_residual_ma6,local_residual,6.0,10,pearson,0.27806490643849774,0.27806490643849774,1430,0,1,10,train
5,4,Patv_raw,local_residual_ma6,local_residual,6.0,10,pearson,0.2780803200375332,0.2780803200375332,1430,0,1,10,train
6,5,Patv_raw,local_residual_ma6,local_residual,6.0,10,pearson,0.2718740177082789,0.2718740177082789,1430,0,1,10,train
7,6,Patv_raw,local_residual_ma6,local_residual,6.0,10,pearson,0.28333150429116194,0.28333150429116194,1430,0,1,10,train
8,7,Patv_raw,local_residual_ma6,local_residual,6.0,10,pearson,0.27968976899192516,0.27968976899192516,1430,0,1,10,train
1,0,Patv_raw,trend_ma18,trend,18.0,3,pearson,0.8306758502672429,0.8306758502672429,1436,0,1,3,train
2,1,Patv_raw,trend_ma18,trend,18.0,3,pearson,0.8311636416048682,0.8311636416048682,1437,0,1,3,train
3,2,Patv_raw,trend_ma18,trend,18.0,3,pearson,0.8303757647553573,0.8303757647553573,1437,0,1,3,train
4,3,Patv_raw,trend_ma18,trend,18.0,3,pearson,0.8309552023379343,0.8309552023379343,1437,0,1,3,train
5,4,Patv_raw,trend_ma18,trend,18.0,3,pearson,0.8298356928071006,0.8298356928071006,1437,0,1,3,train
6,5,Patv_raw,trend_ma18,trend,18.0,3,pearson,0.8302769783650749,0.8302769783650749,1437,0,1,3,train
7,6,Patv_raw,trend_ma18,trend,18.0,3,pearson,0.8308848473422444,0.8308848473422444,1437,0,1,3,train
8,7,Patv_raw,trend_ma18,trend,18.0,3,pearson,0.8306158056897007,0.8306158056897007,1437,0,1,3,train
1,0,Patv_raw,trend_ma18,trend,18.0,6,pearson,0.783840467778598,0.783840467778598,1433,0,1,6,train
2,1,Patv_raw,trend_ma18,trend,18.0,6,pearson,0.78393940894739,0.78393940894739,1434,0,1,6,train
3,2,Patv_raw,trend_ma18,trend,18.0,6,pearson,0.7832181588511741,0.7832181588511741,1434,0,1,6,train
4,3,Patv_raw,trend_ma18,trend,18.0,6,pearson,0.783919274283743,0.783919274283743,1434,0,1,6,train
5,4,Patv_raw,trend_ma18,trend,18.0,6,pearson,0.7828911362789757,0.7828911362789757,1434,0,1,6,train
6,5,Patv_raw,trend_ma18,trend,18.0,6,pearson,0.7833066007001167,0.7833066007001167,1434,0,1,6,train
7,6,Patv_raw,trend_ma18,trend,18.0,6,pearson,0.7834717825935663,0.7834717825935663,1434,0,1,6,train
8,7,Patv_raw,trend_ma18,trend,18.0,6,pearson,0.7834898351743904,0.7834898351743904,1434,0,1,6,train
1,0,Patv_raw,trend_ma18,trend,18.0,10,pearson,0.7112380316818873,0.7112380316818873,1429,0,1,10,train
2,1,Patv_raw,trend_ma18,trend,18.0,10,pearson,0.7113252328531181,0.7113252328531181,1430,0,1,10,train
3,2,Patv_raw,trend_ma18,trend,18.0,10,pearson,0.7104232444022937,0.7104232444022937,1430,0,1,10,train
4,3,Patv_raw,trend_ma18,trend,18.0,10,pearson,0.7112241093280338,0.7112241093280338,1430,0,1,10,train
5,4,Patv_raw,trend_ma18,trend,18.0,10,pearson,0.7101761134854212,0.7101761134854212,1430,0,1,10,train
6,5,Patv_raw,trend_ma18,trend,18.0,10,pearson,0.7106706851878197,0.7106706851878197,1430,0,1,10,train
7,6,Patv_raw,trend_ma18,trend,18.0,10,pearson,0.7103939906602269,0.7103939906602269,1430,0,1,10,train
8,7,Patv_raw,trend_ma18,trend,18.0,10,pearson,0.7107373799687422,0.7107373799687422,1430,0,1,10,train
1,0,Patv_raw,local_residual_ma18,local_residual,18.0,3,pearson,0.40274177905910913,0.40274177905910913,1361,0,1,3,train
2,1,Patv_raw,local_residual_ma18,local_residual,18.0,3,pearson,0.40540080913227944,0.40540080913227944,1437,0,1,3,train
3,2,Patv_raw,local_residual_ma18,local_residual,18.0,3,pearson,0.4043968700340932,0.4043968700340932,1437,0,1,3,train
4,3,Patv_raw,local_residual_ma18,local_residual,18.0,3,pearson,0.4024543535602523,0.4024543535602523,1437,0,1,3,train
5,4,Patv_raw,local_residual_ma18,local_residual,18.0,3,pearson,0.40416136263172137,0.40416136263172137,1437,0,1,3,train
6,5,Patv_raw,local_residual_ma18,local_residual,18.0,3,pearson,0.40264151082562627,0.40264151082562627,1437,0,1,3,train
7,6,Patv_raw,local_residual_ma18,local_residual,18.0,3,pearson,0.40537239181846807,0.40537239181846807,1437,0,1,3,train
8,7,Patv_raw,local_residual_ma18,local_residual,18.0,3,pearson,0.4035372980510298,0.4035372980510298,1437,0,1,3,train
1,0,Patv_raw,local_residual_ma18,local_residual,18.0,6,pearson,0.4709931832537239,0.4709931832537239,1358,0,1,6,train
2,1,Patv_raw,local_residual_ma18,local_residual,18.0,6,pearson,0.4730865840286407,0.4730865840286407,1434,0,1,6,train
3,2,Patv_raw,local_residual_ma18,local_residual,18.0,6,pearson,0.47382864402312663,0.47382864402312663,1434,0,1,6,train
4,3,Patv_raw,local_residual_ma18,local_residual,18.0,6,pearson,0.47196317103831187,0.47196317103831187,1434,0,1,6,train
5,4,Patv_raw,local_residual_ma18,local_residual,18.0,6,pearson,0.47260873784611007,0.47260873784611007,1434,0,1,6,train
6,5,Patv_raw,local_residual_ma18,local_residual,18.0,6,pearson,0.47054647674726435,0.47054647674726435,1434,0,1,6,train
7,6,Patv_raw,local_residual_ma18,local_residual,18.0,6,pearson,0.4748626993438075,0.4748626993438075,1434,0,1,6,train
8,7,Patv_raw,local_residual_ma18,local_residual,18.0,6,pearson,0.47297832575907944,0.47297832575907944,1434,0,1,6,train
1,0,Patv_raw,local_residual_ma18,local_residual,18.0,10,pearson,0.5576349478096122,0.5576349478096122,1354,0,1,10,train
2,1,Patv_raw,local_residual_ma18,local_residual,18.0,10,pearson,0.558828044628477,0.558828044628477,1430,0,1,10,train
3,2,Patv_raw,local_residual_ma18,local_residual,18.0,10,pearson,0.5605883984677758,0.5605883984677758,1430,0,1,10,train
4,3,Patv_raw,local_residual_ma18,local_residual,18.0,10,pearson,0.5587861645963675,0.5587861645963675,1430,0,1,10,train
5,4,Patv_raw,local_residual_ma18,local_residual,18.0,10,pearson,0.5589947340033383,0.5589947340033383,1430,0,1,10,train
6,5,Patv_raw,local_residual_ma18,local_residual,18.0,10,pearson,0.5571493468196895,0.5571493468196895,1430,0,1,10,train
7,6,Patv_raw,local_residual_ma18,local_residual,18.0,10,pearson,0.561574796279044,0.561574796279044,1430,0,1,10,train
8,7,Patv_raw,local_residual_ma18,local_residual,18.0,10,pearson,0.5591507201240038,0.5591507201240038,1430,0,1,10,train
1,0,Patv_raw,trend_ma36,trend,36.0,3,pearson,0.4735815849460165,0.4735815849460165,1436,0,1,3,train
2,1,Patv_raw,trend_ma36,trend,36.0,3,pearson,0.4738079099508343,0.4738079099508343,1437,0,1,3,train
3,2,Patv_raw,trend_ma36,trend,36.0,3,pearson,0.47188122568095175,0.47188122568095175,1437,0,1,3,train
4,3,Patv_raw,trend_ma36,trend,36.0,3,pearson,0.47215987232256323,0.47215987232256323,1437,0,1,3,train
5,4,Patv_raw,trend_ma36,trend,36.0,3,pearson,0.4708825107238698,0.4708825107238698,1437,0,1,3,train
6,5,Patv_raw,trend_ma36,trend,36.0,3,pearson,0.47191954469235725,0.47191954469235725,1437,0,1,3,train
7,6,Patv_raw,trend_ma36,trend,36.0,3,pearson,0.472051893419035,0.472051893419035,1437,0,1,3,train
8,7,Patv_raw,trend_ma36,trend,36.0,3,pearson,0.47244530534978113,0.47244530534978113,1437,0,1,3,train
1,0,Patv_raw,trend_ma36,trend,36.0,6,pearson,0.4009622581053973,0.4009622581053973,1433,0,1,6,train
2,1,Patv_raw,trend_ma36,trend,36.0,6,pearson,0.40080119328660874,0.40080119328660874,1434,0,1,6,train
3,2,Patv_raw,trend_ma36,trend,36.0,6,pearson,0.3986665269658667,0.3986665269658667,1434,0,1,6,train
4,3,Patv_raw,trend_ma36,trend,36.0,6,pearson,0.39906070776946906,0.39906070776946906,1434,0,1,6,train
5,4,Patv_raw,trend_ma36,trend,36.0,6,pearson,0.39780369604332483,0.39780369604332483,1434,0,1,6,train
6,5,Patv_raw,trend_ma36,trend,36.0,6,pearson,0.3989797007272133,0.3989797007272133,1434,0,1,6,train
7,6,Patv_raw,trend_ma36,trend,36.0,6,pearson,0.3988182655368642,0.3988182655368642,1434,0,1,6,train
8,7,Patv_raw,trend_ma36,trend,36.0,6,pearson,0.39945315026532474,0.39945315026532474,1434,0,1,6,train
1,0,Patv_raw,trend_ma36,trend,36.0,10,pearson,0.2993071156428717,0.2993071156428717,1429,0,1,10,train
2,1,Patv_raw,trend_ma36,trend,36.0,10,pearson,0.29913891173742796,0.29913891173742796,1430,0,1,10,train
3,2,Patv_raw,trend_ma36,trend,36.0,10,pearson,0.29649775788777594,0.29649775788777594,1430,0,1,10,train
4,3,Patv_raw,trend_ma36,trend,36.0,10,pearson,0.29701003149284827,0.29701003149284827,1430,0,1,10,train
5,4,Patv_raw,trend_ma36,trend,36.0,10,pearson,0.2957765838223974,0.2957765838223974,1430,0,1,10,train
6,5,Patv_raw,trend_ma36,trend,36.0,10,pearson,0.2971250447597416,0.2971250447597416,1430,0,1,10,train
7,6,Patv_raw,trend_ma36,trend,36.0,10,pearson,0.2966941817822665,0.2966941817822665,1430,0,1,10,train
8,7,Patv_raw,trend_ma36,trend,36.0,10,pearson,0.29760061769725904,0.29760061769725904,1430,0,1,10,train
1,0,Patv_raw,local_residual_ma36,local_residual,36.0,3,pearson,0.6716472666691542,0.6716472666691542,1361,0,1,3,train
2,1,Patv_raw,local_residual_ma36,local_residual,36.0,3,pearson,0.67349206403232,0.67349206403232,1437,0,1,3,train
3,2,Patv_raw,local_residual_ma36,local_residual,36.0,3,pearson,0.6739420721033745,0.6739420721033745,1437,0,1,3,train
4,3,Patv_raw,local_residual_ma36,local_residual,36.0,3,pearson,0.6730553481023073,0.6730553481023073,1437,0,1,3,train
5,4,Patv_raw,local_residual_ma36,local_residual,36.0,3,pearson,0.6739169729813552,0.6739169729813552,1437,0,1,3,train
6,5,Patv_raw,local_residual_ma36,local_residual,36.0,3,pearson,0.672618216581367,0.672618216581367,1437,0,1,3,train
7,6,Patv_raw,local_residual_ma36,local_residual,36.0,3,pearson,0.6747280560747065,0.6747280560747065,1437,0,1,3,train
8,7,Patv_raw,local_residual_ma36,local_residual,36.0,3,pearson,0.6731409445176865,0.6731409445176865,1437,0,1,3,train
1,0,Patv_raw,local_residual_ma36,local_residual,36.0,6,pearson,0.7279358456166274,0.7279358456166274,1358,0,1,6,train
2,1,Patv_raw,local_residual_ma36,local_residual,36.0,6,pearson,0.7293588396305914,0.7293588396305914,1434,0,1,6,train
3,2,Patv_raw,local_residual_ma36,local_residual,36.0,6,pearson,0.7308518168751887,0.7308518168751887,1434,0,1,6,train
4,3,Patv_raw,local_residual_ma36,local_residual,36.0,6,pearson,0.7301428863972614,0.7301428863972614,1434,0,1,6,train
5,4,Patv_raw,local_residual_ma36,local_residual,36.0,6,pearson,0.7306714949382476,0.7306714949382476,1434,0,1,6,train
6,5,Patv_raw,local_residual_ma36,local_residual,36.0,6,pearson,0.7290075404938269,0.7290075404938269,1434,0,1,6,train
7,6,Patv_raw,local_residual_ma36,local_residual,36.0,6,pearson,0.7314610505215451,0.7314610505215451,1434,0,1,6,train
8,7,Patv_raw,local_residual_ma36,local_residual,36.0,6,pearson,0.7301026855480981,0.7301026855480981,1434,0,1,6,train
1,0,Patv_raw,local_residual_ma36,local_residual,36.0,10,pearson,0.7950181103961277,0.7950181103961277,1354,0,1,10,train
2,1,Patv_raw,local_residual_ma36,local_residual,36.0,10,pearson,0.7958543046124112,0.7958543046124112,1430,0,1,10,train
3,2,Patv_raw,local_residual_ma36,local_residual,36.0,10,pearson,0.7979506311389284,0.7979506311389284,1430,0,1,10,train
4,3,Patv_raw,local_residual_ma36,local_residual,36.0,10,pearson,0.7971887660468265,0.7971887660468265,1430,0,1,10,train
5,4,Patv_raw,local_residual_ma36,local_residual,36.0,10,pearson,0.7976061780997905,0.7976061780997905,1430,0,1,10,train
6,5,Patv_raw,local_residual_ma36,local_residual,36.0,10,pearson,0.7962823404964401,0.7962823404964401,1430,0,1,10,train
7,6,Patv_raw,local_residual_ma36,local_residual,36.0,10,pearson,0.7982097881404973,0.7982097881404973,1430,0,1,10,train
8,7,Patv_raw,local_residual_ma36,local_residual,36.0,10,pearson,0.7966974061726005,0.7966974061726005,1430,0,1,10,train
1,0,Wspd,raw,raw,,3,pearson,0.9890747321608889,0.9890747321608889,1437,0,1,3,train
2,1,Wspd,raw,raw,,3,pearson,0.9888729727322242,0.9888729727322242,1437,0,1,3,train
3,2,Wspd,raw,raw,,3,pearson,0.9882299451529973,0.9882299451529973,1437,0,1,3,train
4,3,Wspd,raw,raw,,3,pearson,0.988331464906053,0.988331464906053,1437,0,1,3,train
5,4,Wspd,raw,raw,,3,pearson,0.9889260253602901,0.9889260253602901,1437,0,1,3,train
6,5,Wspd,raw,raw,,3,pearson,0.9897710911976528,0.9897710911976528,1437,0,1,3,train
7,6,Wspd,raw,raw,,3,pearson,0.9900211374372802,0.9900211374372802,1437,0,1,3,train
8,7,Wspd,raw,raw,,3,pearson,0.989061524845652,0.989061524845652,1437,0,1,3,train
1,0,Wspd,raw,raw,,6,pearson,0.9782399163232509,0.9782399163232509,1434,0,1,6,train
2,1,Wspd,raw,raw,,6,pearson,0.9778734404012236,0.9778734404012236,1434,0,1,6,train
3,2,Wspd,raw,raw,,6,pearson,0.9769674551852634,0.9769674551852634,1434,0,1,6,train
4,3,Wspd,raw,raw,,6,pearson,0.9770312018311835,0.9770312018311835,1434,0,1,6,train
5,4,Wspd,raw,raw,,6,pearson,0.9786877244033004,0.9786877244033004,1434,0,1,6,train
6,5,Wspd,raw,raw,,6,pearson,0.9796891404376113,0.9796891404376113,1434,0,1,6,train
7,6,Wspd,raw,raw,,6,pearson,0.9794282337418116,0.9794282337418116,1434,0,1,6,train
8,7,Wspd,raw,raw,,6,pearson,0.9785422078301932,0.9785422078301932,1434,0,1,6,train
1,0,Wspd,raw,raw,,10,pearson,0.9511753140010137,0.9511753140010137,1430,0,1,10,train
2,1,Wspd,raw,raw,,10,pearson,0.9509373360267241,0.9509373360267241,1430,0,1,10,train
3,2,Wspd,raw,raw,,10,pearson,0.9493165916065405,0.9493165916065405,1430,0,1,10,train
4,3,Wspd,raw,raw,,10,pearson,0.9493756906874032,0.9493756906874032,1430,0,1,10,train
5,4,Wspd,raw,raw,,10,pearson,0.9520815933998531,0.9520815933998531,1430,0,1,10,train
6,5,Wspd,raw,raw,,10,pearson,0.9535963714998265,0.9535963714998265,1430,0,1,10,train
7,6,Wspd,raw,raw,,10,pearson,0.9527839054796403,0.9527839054796403,1430,0,1,10,train
8,7,Wspd,raw,raw,,10,pearson,0.9518308350087984,0.9518308350087984,1430,0,1,10,train
1,0,Wspd,trend_ma6,trend,6.0,3,pearson,0.9643782337250699,0.9643782337250699,1437,0,1,3,train
2,1,Wspd,trend_ma6,trend,6.0,3,pearson,0.9641785248005021,0.9641785248005021,1437,0,1,3,train
3,2,Wspd,trend_ma6,trend,6.0,3,pearson,0.9628491588913303,0.9628491588913303,1437,0,1,3,train
4,3,Wspd,trend_ma6,trend,6.0,3,pearson,0.9629251941094739,0.9629251941094739,1437,0,1,3,train
5,4,Wspd,trend_ma6,trend,6.0,3,pearson,0.9648750526669403,0.9648750526669403,1437,0,1,3,train
6,5,Wspd,trend_ma6,trend,6.0,3,pearson,0.9661781013293974,0.9661781013293974,1437,0,1,3,train
7,6,Wspd,trend_ma6,trend,6.0,3,pearson,0.9660630046442241,0.9660630046442241,1437,0,1,3,train
8,7,Wspd,trend_ma6,trend,6.0,3,pearson,0.9649584326336111,0.9649584326336111,1437,0,1,3,train
1,0,Wspd,trend_ma6,trend,6.0,6,pearson,0.9421903886393376,0.9421903886393376,1434,0,1,6,train
2,1,Wspd,trend_ma6,trend,6.0,6,pearson,0.9418149485144515,0.9418149485144515,1434,0,1,6,train
3,2,Wspd,trend_ma6,trend,6.0,6,pearson,0.9401404622892267,0.9401404622892267,1434,0,1,6,train
4,3,Wspd,trend_ma6,trend,6.0,6,pearson,0.9402289342842949,0.9402289342842949,1434,0,1,6,train
5,4,Wspd,trend_ma6,trend,6.0,6,pearson,0.9430804681047208,0.9430804681047208,1434,0,1,6,train
6,5,Wspd,trend_ma6,trend,6.0,6,pearson,0.944743126002874,0.944743126002874,1434,0,1,6,train
7,6,Wspd,trend_ma6,trend,6.0,6,pearson,0.9440252993696402,0.9440252993696402,1434,0,1,6,train
8,7,Wspd,trend_ma6,trend,6.0,6,pearson,0.9429394322036174,0.9429394322036174,1434,0,1,6,train
1,0,Wspd,trend_ma6,trend,6.0,10,pearson,0.9003616905930386,0.9003616905930386,1430,0,1,10,train
2,1,Wspd,trend_ma6,trend,6.0,10,pearson,0.9000814491582954,0.9000814491582954,1430,0,1,10,train
3,2,Wspd,trend_ma6,trend,6.0,10,pearson,0.8976590565757057,0.8976590565757057,1430,0,1,10,train
4,3,Wspd,trend_ma6,trend,6.0,10,pearson,0.8978492621338477,0.8978492621338477,1430,0,1,10,train
5,4,Wspd,trend_ma6,trend,6.0,10,pearson,0.9015858726474458,0.9015858726474458,1430,0,1,10,train
6,5,Wspd,trend_ma6,trend,6.0,10,pearson,0.9038106293743261,0.9038106293743261,1430,0,1,10,train
7,6,Wspd,trend_ma6,trend,6.0,10,pearson,0.9026035247029496,0.9026035247029496,1430,0,1,10,train
8,7,Wspd,trend_ma6,trend,6.0,10,pearson,0.9013710104822065,0.9013710104822065,1430,0,1,10,train
1,0,Wspd,local_residual_ma6,local_residual,6.0,3,pearson,0.2176638279914513,0.2176638279914513,1437,0,1,3,train
2,1,Wspd,local_residual_ma6,local_residual,6.0,3,pearson,0.2176625432225119,0.2176625432225119,1437,0,1,3,train
3,2,Wspd,local_residual_ma6,local_residual,6.0,3,pearson,0.22238118041923186,0.22238118041923186,1437,0,1,3,train
4,3,Wspd,local_residual_ma6,local_residual,6.0,3,pearson,0.22280746857012865,0.22280746857012865,1437,0,1,3,train
5,4,Wspd,local_residual_ma6,local_residual,6.0,3,pearson,0.21343271565302724,0.21343271565302724,1437,0,1,3,train
6,5,Wspd,local_residual_ma6,local_residual,6.0,3,pearson,0.21014234534197082,0.21014234534197082,1437,0,1,3,train
7,6,Wspd,local_residual_ma6,local_residual,6.0,3,pearson,0.2127755680189363,0.2127755680189363,1437,0,1,3,train
8,7,Wspd,local_residual_ma6,local_residual,6.0,3,pearson,0.2132605007386026,0.2132605007386026,1437,0,1,3,train
1,0,Wspd,local_residual_ma6,local_residual,6.0,6,pearson,0.2944352813348136,0.2944352813348136,1434,0,1,6,train
2,1,Wspd,local_residual_ma6,local_residual,6.0,6,pearson,0.294908503658013,0.294908503658013,1434,0,1,6,train
3,2,Wspd,local_residual_ma6,local_residual,6.0,6,pearson,0.29969781105549714,0.29969781105549714,1434,0,1,6,train
4,3,Wspd,local_residual_ma6,local_residual,6.0,6,pearson,0.29969523225266126,0.29969523225266126,1434,0,1,6,train
5,4,Wspd,local_residual_ma6,local_residual,6.0,6,pearson,0.29160169647057055,0.29160169647057055,1434,0,1,6,train
6,5,Wspd,local_residual_ma6,local_residual,6.0,6,pearson,0.2868227324252509,0.2868227324252509,1434,0,1,6,train
7,6,Wspd,local_residual_ma6,local_residual,6.0,6,pearson,0.29089123037968084,0.29089123037968084,1434,0,1,6,train
8,7,Wspd,local_residual_ma6,local_residual,6.0,6,pearson,0.29140802232934093,0.29140802232934093,1434,0,1,6,train
1,0,Wspd,local_residual_ma6,local_residual,6.0,10,pearson,0.39320943557133353,0.39320943557133353,1430,0,1,10,train
2,1,Wspd,local_residual_ma6,local_residual,6.0,10,pearson,0.3936843302690349,0.3936843302690349,1430,0,1,10,train
3,2,Wspd,local_residual_ma6,local_residual,6.0,10,pearson,0.3992155576266942,0.3992155576266942,1430,0,1,10,train
4,3,Wspd,local_residual_ma6,local_residual,6.0,10,pearson,0.3983426914942096,0.3983426914942096,1430,0,1,10,train
5,4,Wspd,local_residual_ma6,local_residual,6.0,10,pearson,0.3915138244848732,0.3915138244848732,1430,0,1,10,train
6,5,Wspd,local_residual_ma6,local_residual,6.0,10,pearson,0.386056338586392,0.386056338586392,1430,0,1,10,train
7,6,Wspd,local_residual_ma6,local_residual,6.0,10,pearson,0.3895870259534187,0.3895870259534187,1430,0,1,10,train
8,7,Wspd,local_residual_ma6,local_residual,6.0,10,pearson,0.3903203296927798,0.3903203296927798,1430,0,1,10,train
1,0,Wspd,trend_ma18,trend,18.0,3,pearson,0.8304063324057914,0.8304063324057914,1437,0,1,3,train
2,1,Wspd,trend_ma18,trend,18.0,3,pearson,0.8302852480749133,0.8302852480749133,1437,0,1,3,train
3,2,Wspd,trend_ma18,trend,18.0,3,pearson,0.8269718077488559,0.8269718077488559,1437,0,1,3,train
4,3,Wspd,trend_ma18,trend,18.0,3,pearson,0.827309580942704,0.827309580942704,1437,0,1,3,train
5,4,Wspd,trend_ma18,trend,18.0,3,pearson,0.8316318806815238,0.8316318806815238,1437,0,1,3,train
6,5,Wspd,trend_ma18,trend,18.0,3,pearson,0.834550628884697,0.834550628884697,1437,0,1,3,train
7,6,Wspd,trend_ma18,trend,18.0,3,pearson,0.8335917218431853,0.8335917218431853,1437,0,1,3,train
8,7,Wspd,trend_ma18,trend,18.0,3,pearson,0.8318528137110615,0.8318528137110615,1437,0,1,3,train
1,0,Wspd,trend_ma18,trend,18.0,6,pearson,0.7832365241462197,0.7832365241462197,1434,0,1,6,train
2,1,Wspd,trend_ma18,trend,18.0,6,pearson,0.782863346308768,0.782863346308768,1434,0,1,6,train
3,2,Wspd,trend_ma18,trend,18.0,6,pearson,0.7792276011994368,0.7792276011994368,1434,0,1,6,train
4,3,Wspd,trend_ma18,trend,18.0,6,pearson,0.7796171071996933,0.7796171071996933,1434,0,1,6,train
5,4,Wspd,trend_ma18,trend,18.0,6,pearson,0.784683676261895,0.784683676261895,1434,0,1,6,train
6,5,Wspd,trend_ma18,trend,18.0,6,pearson,0.7878880335475391,0.7878880335475391,1434,0,1,6,train
7,6,Wspd,trend_ma18,trend,18.0,6,pearson,0.7864573403461935,0.7864573403461935,1434,0,1,6,train
8,7,Wspd,trend_ma18,trend,18.0,6,pearson,0.7847093416094091,0.7847093416094091,1434,0,1,6,train
1,0,Wspd,trend_ma18,trend,18.0,10,pearson,0.7102081108765703,0.7102081108765703,1430,0,1,10,train
2,1,Wspd,trend_ma18,trend,18.0,10,pearson,0.7099175244140367,0.7099175244140367,1430,0,1,10,train
3,2,Wspd,trend_ma18,trend,18.0,10,pearson,0.7056614899310647,0.7056614899310647,1430,0,1,10,train
4,3,Wspd,trend_ma18,trend,18.0,10,pearson,0.7061069763347834,0.7061069763347834,1430,0,1,10,train
5,4,Wspd,trend_ma18,trend,18.0,10,pearson,0.7118926021140045,0.7118926021140045,1430,0,1,10,train
6,5,Wspd,trend_ma18,trend,18.0,10,pearson,0.7155350011105903,0.7155350011105903,1430,0,1,10,train
7,6,Wspd,trend_ma18,trend,18.0,10,pearson,0.7137365877318459,0.7137365877318459,1430,0,1,10,train
8,7,Wspd,trend_ma18,trend,18.0,10,pearson,0.7118431288803038,0.7118431288803038,1430,0,1,10,train
1,0,Wspd,local_residual_ma18,local_residual,18.0,3,pearson,0.4266607526143137,0.4266607526143137,1437,0,1,3,train
2,1,Wspd,local_residual_ma18,local_residual,18.0,3,pearson,0.4263937326246034,0.4263937326246034,1437,0,1,3,train
3,2,Wspd,local_residual_ma18,local_residual,18.0,3,pearson,0.43165705441308616,0.43165705441308616,1437,0,1,3,train
4,3,Wspd,local_residual_ma18,local_residual,18.0,3,pearson,0.4314513610932386,0.4314513610932386,1437,0,1,3,train
5,4,Wspd,local_residual_ma18,local_residual,18.0,3,pearson,0.42367824274932386,0.42367824274932386,1437,0,1,3,train
6,5,Wspd,local_residual_ma18,local_residual,18.0,3,pearson,0.4195740191872375,0.4195740191872375,1437,0,1,3,train
7,6,Wspd,local_residual_ma18,local_residual,18.0,3,pearson,0.4220400335926236,0.4220400335926236,1437,0,1,3,train
8,7,Wspd,local_residual_ma18,local_residual,18.0,3,pearson,0.42353184568813307,0.42353184568813307,1437,0,1,3,train
1,0,Wspd,local_residual_ma18,local_residual,18.0,6,pearson,0.4989085650237379,0.4989085650237379,1434,0,1,6,train
2,1,Wspd,local_residual_ma18,local_residual,18.0,6,pearson,0.49888855049432373,0.49888855049432373,1434,0,1,6,train
3,2,Wspd,local_residual_ma18,local_residual,18.0,6,pearson,0.5042006319406276,0.5042006319406276,1434,0,1,6,train
4,3,Wspd,local_residual_ma18,local_residual,18.0,6,pearson,0.503750330208059,0.503750330208059,1434,0,1,6,train
5,4,Wspd,local_residual_ma18,local_residual,18.0,6,pearson,0.4967429904883157,0.4967429904883157,1434,0,1,6,train
6,5,Wspd,local_residual_ma18,local_residual,18.0,6,pearson,0.4924259352548184,0.4924259352548184,1434,0,1,6,train
7,6,Wspd,local_residual_ma18,local_residual,18.0,6,pearson,0.49484419350192427,0.49484419350192427,1434,0,1,6,train
8,7,Wspd,local_residual_ma18,local_residual,18.0,6,pearson,0.4964577220476935,0.4964577220476935,1434,0,1,6,train
1,0,Wspd,local_residual_ma18,local_residual,18.0,10,pearson,0.5893283811119359,0.5893283811119359,1430,0,1,10,train
2,1,Wspd,local_residual_ma18,local_residual,18.0,10,pearson,0.5893890850247054,0.5893890850247054,1430,0,1,10,train
3,2,Wspd,local_residual_ma18,local_residual,18.0,10,pearson,0.5946688643037926,0.5946688643037926,1430,0,1,10,train
4,3,Wspd,local_residual_ma18,local_residual,18.0,10,pearson,0.5940455455245682,0.5940455455245682,1430,0,1,10,train
5,4,Wspd,local_residual_ma18,local_residual,18.0,10,pearson,0.5877967656839398,0.5877967656839398,1430,0,1,10,train
6,5,Wspd,local_residual_ma18,local_residual,18.0,10,pearson,0.5836597363830569,0.5836597363830569,1430,0,1,10,train
7,6,Wspd,local_residual_ma18,local_residual,18.0,10,pearson,0.5855447402932384,0.5855447402932384,1430,0,1,10,train
8,7,Wspd,local_residual_ma18,local_residual,18.0,10,pearson,0.5872116436394997,0.5872116436394997,1430,0,1,10,train
1,0,Wspd,trend_ma36,trend,36.0,3,pearson,0.47143689106456815,0.47143689106456815,1437,0,1,3,train
2,1,Wspd,trend_ma36,trend,36.0,3,pearson,0.4714717656019601,0.4714717656019601,1437,0,1,3,train
3,2,Wspd,trend_ma36,trend,36.0,3,pearson,0.46560104760397103,0.46560104760397103,1437,0,1,3,train
4,3,Wspd,trend_ma36,trend,36.0,3,pearson,0.4656506659115823,0.4656506659115823,1437,0,1,3,train
5,4,Wspd,trend_ma36,trend,36.0,3,pearson,0.4727912882828608,0.4727912882828608,1437,0,1,3,train
6,5,Wspd,trend_ma36,trend,36.0,3,pearson,0.47752996048463614,0.47752996048463614,1437,0,1,3,train
7,6,Wspd,trend_ma36,trend,36.0,3,pearson,0.47577772252666467,0.47577772252666467,1437,0,1,3,train
8,7,Wspd,trend_ma36,trend,36.0,3,pearson,0.473476558956589,0.473476558956589,1437,0,1,3,train
1,0,Wspd,trend_ma36,trend,36.0,6,pearson,0.3984606833991678,0.3984606833991678,1434,0,1,6,train
2,1,Wspd,trend_ma36,trend,36.0,6,pearson,0.39819023404232806,0.39819023404232806,1434,0,1,6,train
3,2,Wspd,trend_ma36,trend,36.0,6,pearson,0.39212648184031373,0.39212648184031373,1434,0,1,6,train
4,3,Wspd,trend_ma36,trend,36.0,6,pearson,0.3921171988044357,0.3921171988044357,1434,0,1,6,train
5,4,Wspd,trend_ma36,trend,36.0,6,pearson,0.39968006964029207,0.39968006964029207,1434,0,1,6,train
6,5,Wspd,trend_ma36,trend,36.0,6,pearson,0.40466775379359976,0.40466775379359976,1434,0,1,6,train
7,6,Wspd,trend_ma36,trend,36.0,6,pearson,0.40264024076639315,0.40264024076639315,1434,0,1,6,train
8,7,Wspd,trend_ma36,trend,36.0,6,pearson,0.4002982770472348,0.4002982770472348,1434,0,1,6,train
1,0,Wspd,trend_ma36,trend,36.0,10,pearson,0.29633223923403096,0.29633223923403096,1430,0,1,10,train
2,1,Wspd,trend_ma36,trend,36.0,10,pearson,0.29610205892414676,0.29610205892414676,1430,0,1,10,train
3,2,Wspd,trend_ma36,trend,36.0,10,pearson,0.28968525534330414,0.28968525534330414,1430,0,1,10,train
4,3,Wspd,trend_ma36,trend,36.0,10,pearson,0.28956960032247103,0.28956960032247103,1430,0,1,10,train
5,4,Wspd,trend_ma36,trend,36.0,10,pearson,0.2975013321407164,0.2975013321407164,1430,0,1,10,train
6,5,Wspd,trend_ma36,trend,36.0,10,pearson,0.30284165522652706,0.30284165522652706,1430,0,1,10,train
7,6,Wspd,trend_ma36,trend,36.0,10,pearson,0.30060424168618366,0.30060424168618366,1430,0,1,10,train
8,7,Wspd,trend_ma36,trend,36.0,10,pearson,0.2981308567425528,0.2981308567425528,1430,0,1,10,train
1,0,Wspd,local_residual_ma36,local_residual,36.0,3,pearson,0.684798713869436,0.684798713869436,1437,0,1,3,train
2,1,Wspd,local_residual_ma36,local_residual,36.0,3,pearson,0.684560743140832,0.684560743140832,1437,0,1,3,train
3,2,Wspd,local_residual_ma36,local_residual,36.0,3,pearson,0.6893970149111126,0.6893970149111126,1437,0,1,3,train
4,3,Wspd,local_residual_ma36,local_residual,36.0,3,pearson,0.689634156783585,0.689634156783585,1437,0,1,3,train
5,4,Wspd,local_residual_ma36,local_residual,36.0,3,pearson,0.6832658780503054,0.6832658780503054,1437,0,1,3,train
6,5,Wspd,local_residual_ma36,local_residual,36.0,3,pearson,0.6798020366844961,0.6798020366844961,1437,0,1,3,train
7,6,Wspd,local_residual_ma36,local_residual,36.0,3,pearson,0.6817411681297442,0.6817411681297442,1437,0,1,3,train
8,7,Wspd,local_residual_ma36,local_residual,36.0,3,pearson,0.6828403805320908,0.6828403805320908,1437,0,1,3,train
1,0,Wspd,local_residual_ma36,local_residual,36.0,6,pearson,0.7419672750553407,0.7419672750553407,1434,0,1,6,train
2,1,Wspd,local_residual_ma36,local_residual,36.0,6,pearson,0.7418882500898931,0.7418882500898931,1434,0,1,6,train
3,2,Wspd,local_residual_ma36,local_residual,36.0,6,pearson,0.7466537403755472,0.7466537403755472,1434,0,1,6,train
4,3,Wspd,local_residual_ma36,local_residual,36.0,6,pearson,0.7468677628560458,0.7468677628560458,1434,0,1,6,train
5,4,Wspd,local_residual_ma36,local_residual,36.0,6,pearson,0.7412795168325066,0.7412795168325066,1434,0,1,6,train
6,5,Wspd,local_residual_ma36,local_residual,36.0,6,pearson,0.7378059339448653,0.7378059339448653,1434,0,1,6,train
7,6,Wspd,local_residual_ma36,local_residual,36.0,6,pearson,0.7394262627655905,0.7394262627655905,1434,0,1,6,train
8,7,Wspd,local_residual_ma36,local_residual,36.0,6,pearson,0.7406017042155733,0.7406017042155733,1434,0,1,6,train
1,0,Wspd,local_residual_ma36,local_residual,36.0,10,pearson,0.8094312183152765,0.8094312183152765,1430,0,1,10,train
2,1,Wspd,local_residual_ma36,local_residual,36.0,10,pearson,0.8094957372690076,0.8094957372690076,1430,0,1,10,train
3,2,Wspd,local_residual_ma36,local_residual,36.0,10,pearson,0.8138962467833596,0.8138962467833596,1430,0,1,10,train
4,3,Wspd,local_residual_ma36,local_residual,36.0,10,pearson,0.8141794480900048,0.8141794480900048,1430,0,1,10,train
5,4,Wspd,local_residual_ma36,local_residual,36.0,10,pearson,0.809376600115456,0.809376600115456,1430,0,1,10,train
6,5,Wspd,local_residual_ma36,local_residual,36.0,10,pearson,0.8062247191150573,0.8062247191150573,1430,0,1,10,train
7,6,Wspd,local_residual_ma36,local_residual,36.0,10,pearson,0.8073747410853207,0.8073747410853207,1430,0,1,10,train
8,7,Wspd,local_residual_ma36,local_residual,36.0,10,pearson,0.8085072965220266,0.8085072965220266,1430,0,1,10,train
