TurbID,node_index,signal,representation,component,causal_window,fit_split,valid_count,high_frequency_energy_ratio,high_frequency_cutoff_cycles_per_step,acf_decay_length_steps,first_difference_std
1,0,Patv_raw,raw,raw,,train,1364,0.07109484810820715,0.05555555555555555,21.0,30.35121075263105
2,1,Patv_raw,raw,raw,,train,1440,0.022819640039620687,0.05555555555555555,21.0,29.82619214054415
3,2,Patv_raw,raw,raw,,train,1440,0.02203432928966736,0.05555555555555555,21.0,28.32813379588424
4,3,Patv_raw,raw,raw,,train,1440,0.023808527845321833,0.05555555555555555,21.0,29.534285491300057
5,4,Patv_raw,raw,raw,,train,1440,0.023486125778951667,0.05555555555555555,21.0,29.02120814174207
6,5,Patv_raw,raw,raw,,train,1440,0.024888036268672867,0.05555555555555555,21.0,30.47672250868598
7,6,Patv_raw,raw,raw,,train,1440,0.022031879537188753,0.05555555555555555,21.0,28.807670629865388
8,7,Patv_raw,raw,raw,,train,1440,0.022949309248454584,0.05555555555555555,21.0,29.175403199392658
1,0,Patv_raw,trend_ma6,trend,6.0,train,1439,0.002931909069259852,0.05555555555555555,22.0,8.695246480610093
2,1,Patv_raw,trend_ma6,trend,6.0,train,1440,0.002907106925746434,0.05555555555555555,22.0,8.520894465365453
3,2,Patv_raw,trend_ma6,trend,6.0,train,1440,0.0024220786367815496,0.05555555555555555,22.0,8.484811802703717
4,3,Patv_raw,trend_ma6,trend,6.0,train,1440,0.0033277279323331295,0.05555555555555555,22.0,8.538844936413582
5,4,Patv_raw,trend_ma6,trend,6.0,train,1440,0.0033133197062596236,0.05555555555555555,22.0,8.540374151068432
6,5,Patv_raw,trend_ma6,trend,6.0,train,1440,0.003078523216491613,0.05555555555555555,22.0,8.610709239011928
7,6,Patv_raw,trend_ma6,trend,6.0,train,1440,0.0027070228115756013,0.05555555555555555,22.0,8.325359927960369
8,7,Patv_raw,trend_ma6,trend,6.0,train,1440,0.002945555727879108,0.05555555555555555,22.0,8.486324938690611
1,0,Patv_raw,local_residual_ma6,local_residual,6.0,train,1364,0.541118519909191,0.05555555555555555,4.0,27.29540991919987
2,1,Patv_raw,local_residual_ma6,local_residual,6.0,train,1440,0.5061946857180492,0.05555555555555555,4.0,26.888437953906823
3,2,Patv_raw,local_residual_ma6,local_residual,6.0,train,1440,0.49680648610086575,0.05555555555555555,13.0,25.47671080059613
4,3,Patv_raw,local_residual_ma6,local_residual,6.0,train,1440,0.5050992765102807,0.05555555555555555,13.0,26.64497173827051
5,4,Patv_raw,local_residual_ma6,local_residual,6.0,train,1440,0.5107687926610168,0.05555555555555555,12.0,26.131181946102657
6,5,Patv_raw,local_residual_ma6,local_residual,6.0,train,1440,0.530614247932944,0.05555555555555555,4.0,27.516852791449086
7,6,Patv_raw,local_residual_ma6,local_residual,6.0,train,1440,0.49131326322569435,0.05555555555555555,13.0,26.021745603234194
8,7,Patv_raw,local_residual_ma6,local_residual,6.0,train,1440,0.503656055234585,0.05555555555555555,13.0,26.252781809659357
1,0,Patv_raw,trend_ma18,trend,18.0,train,1439,0.0011608818301992179,0.05555555555555555,22.0,7.0711042063267
2,1,Patv_raw,trend_ma18,trend,18.0,train,1440,0.0010701492683069253,0.05555555555555555,22.0,6.98353315341394
3,2,Patv_raw,trend_ma18,trend,18.0,train,1440,0.0006998740291600746,0.05555555555555555,22.0,6.974469333038725
4,3,Patv_raw,trend_ma18,trend,18.0,train,1440,0.0012446929534113806,0.05555555555555555,22.0,7.001724627380285
5,4,Patv_raw,trend_ma18,trend,18.0,train,1440,0.0011012042682436724,0.05555555555555555,22.0,6.97115544943981
6,5,Patv_raw,trend_ma18,trend,18.0,train,1440,0.0009819758707763613,0.05555555555555555,22.0,6.96968664973982
7,6,Patv_raw,trend_ma18,trend,18.0,train,1440,0.0009341729160069783,0.05555555555555555,22.0,6.908575072963261
8,7,Patv_raw,trend_ma18,trend,18.0,train,1440,0.0010050242871064822,0.05555555555555555,22.0,6.951781944718649
1,0,Patv_raw,local_residual_ma18,local_residual,18.0,train,1364,0.13909215234230413,0.05555555555555555,20.0,28.863450763409528
2,1,Patv_raw,local_residual_ma18,local_residual,18.0,train,1440,0.0898434714828417,0.05555555555555555,21.0,28.34980384961807
3,2,Patv_raw,local_residual_ma18,local_residual,18.0,train,1440,0.08684252926330835,0.05555555555555555,21.0,26.855946082427774
4,3,Patv_raw,local_residual_ma18,local_residual,18.0,train,1440,0.09083488640607708,0.05555555555555555,21.0,28.07994955768851
5,4,Patv_raw,local_residual_ma18,local_residual,18.0,train,1440,0.09197047234815946,0.05555555555555555,21.0,27.621456133714734
6,5,Patv_raw,local_residual_ma18,local_residual,18.0,train,1440,0.0976771363605455,0.05555555555555555,21.0,29.02144299810555
7,6,Patv_raw,local_residual_ma18,local_residual,18.0,train,1440,0.08570575650992038,0.05555555555555555,21.0,27.410475542374613
8,7,Patv_raw,local_residual_ma18,local_residual,18.0,train,1440,0.09014525482331881,0.05555555555555555,21.0,27.753132529473238
1,0,Patv_raw,trend_ma36,trend,36.0,train,1439,0.0004773165864952158,0.05555555555555555,22.0,6.062360709034061
2,1,Patv_raw,trend_ma36,trend,36.0,train,1440,0.0003401073805773817,0.05555555555555555,22.0,5.99490057331446
3,2,Patv_raw,trend_ma36,trend,36.0,train,1440,0.00020289942299733153,0.05555555555555555,22.0,6.007753925577754
4,3,Patv_raw,trend_ma36,trend,36.0,train,1440,0.0005041734647998247,0.05555555555555555,22.0,6.0207675503746305
5,4,Patv_raw,trend_ma36,trend,36.0,train,1440,0.0003573147987121556,0.05555555555555555,22.0,5.97857858557283
6,5,Patv_raw,trend_ma36,trend,36.0,train,1440,0.0002837471708947226,0.05555555555555555,22.0,5.970958003036869
7,6,Patv_raw,trend_ma36,trend,36.0,train,1440,0.0002879879422526448,0.05555555555555555,22.0,5.941534686002504
8,7,Patv_raw,trend_ma36,trend,36.0,train,1440,0.0003064447418759397,0.05555555555555555,22.0,5.969701165875306
1,0,Patv_raw,local_residual_ma36,local_residual,36.0,train,1364,0.07824473271404088,0.05555555555555555,21.0,29.717669124429744
2,1,Patv_raw,local_residual_ma36,local_residual,36.0,train,1440,0.028463275902645264,0.05555555555555555,22.0,29.198196132687762
3,2,Patv_raw,local_residual_ma36,local_residual,36.0,train,1440,0.02768656570965747,0.05555555555555555,22.0,27.697774600370042
4,3,Patv_raw,local_residual_ma36,local_residual,36.0,train,1440,0.028977061018078797,0.05555555555555555,22.0,28.894358538472062
5,4,Patv_raw,local_residual_ma36,local_residual,36.0,train,1440,0.029213365897154387,0.05555555555555555,22.0,28.421353091983462
6,5,Patv_raw,local_residual_ma36,local_residual,36.0,train,1440,0.03122828955166882,0.05555555555555555,22.0,29.876400078752983
7,6,Patv_raw,local_residual_ma36,local_residual,36.0,train,1440,0.02728029326428084,0.05555555555555555,22.0,28.16835058295934
8,7,Patv_raw,local_residual_ma36,local_residual,36.0,train,1440,0.02864712338483668,0.05555555555555555,22.0,28.55233835154795
1,0,Wspd,raw,raw,,train,1440,0.002422292214271619,0.05555555555555555,22.0,0.10763741790839679
2,1,Wspd,raw,raw,,train,1440,0.002370487860307575,0.05555555555555555,22.0,0.10553705938810132
3,2,Wspd,raw,raw,,train,1440,0.002291594662130992,0.05555555555555555,22.0,0.10669836712381565
4,3,Wspd,raw,raw,,train,1440,0.00227473570999917,0.05555555555555555,22.0,0.1052530243343096
5,4,Wspd,raw,raw,,train,1440,0.002239855240821868,0.05555555555555555,22.0,0.10525290356165735
6,5,Wspd,raw,raw,,train,1440,0.0024781756084237315,0.05555555555555555,22.0,0.10839562434634342
7,6,Wspd,raw,raw,,train,1440,0.0022832842179808317,0.05555555555555555,22.0,0.1054890497625575
8,7,Wspd,raw,raw,,train,1440,0.002374211035889406,0.05555555555555555,22.0,0.10735513462276677
1,0,Wspd,trend_ma6,trend,6.0,train,1440,0.0011750830376904494,0.05555555555555555,22.0,0.07928421901777527
2,1,Wspd,trend_ma6,trend,6.0,train,1440,0.0011941036663397726,0.05555555555555555,22.0,0.07901145151960148
3,2,Wspd,trend_ma6,trend,6.0,train,1440,0.0011816318408823087,0.05555555555555555,22.0,0.07905898195892759
4,3,Wspd,trend_ma6,trend,6.0,train,1440,0.0012431342851010507,0.05555555555555555,22.0,0.07910324317309525
5,4,Wspd,trend_ma6,trend,6.0,train,1440,0.0011432660821879348,0.05555555555555555,22.0,0.0790577032465859
6,5,Wspd,trend_ma6,trend,6.0,train,1440,0.0012891055135617303,0.05555555555555555,22.0,0.07908362284981331
7,6,Wspd,trend_ma6,trend,6.0,train,1440,0.0012825166592070377,0.05555555555555555,22.0,0.07898510581813685
8,7,Wspd,trend_ma6,trend,6.0,train,1440,0.0012286994090766033,0.05555555555555555,22.0,0.07923343345353133
1,0,Wspd,local_residual_ma6,local_residual,6.0,train,1440,0.05400293449437513,0.05555555555555555,21.0,0.06912068784039806
2,1,Wspd,local_residual_ma6,local_residual,6.0,train,1440,0.05086054255655348,0.05555555555555555,21.0,0.06632617015665933
3,2,Wspd,local_residual_ma6,local_residual,6.0,train,1440,0.04928103073104037,0.05555555555555555,21.0,0.06785744155311672
4,3,Wspd,local_residual_ma6,local_residual,6.0,train,1440,0.04991601338277899,0.05555555555555555,21.0,0.06608882420775844
5,4,Wspd,local_residual_ma6,local_residual,6.0,train,1440,0.04816163941161785,0.05555555555555555,21.0,0.0655641185768166
6,5,Wspd,local_residual_ma6,local_residual,6.0,train,1440,0.054179912554234815,0.05555555555555555,21.0,0.07034136301297043
7,6,Wspd,local_residual_ma6,local_residual,6.0,train,1440,0.04640577953685,0.05555555555555555,21.0,0.06590488883308476
8,7,Wspd,local_residual_ma6,local_residual,6.0,train,1440,0.05425332295077066,0.05555555555555555,21.0,0.06837240979806448
1,0,Wspd,trend_ma18,trend,18.0,train,1440,0.0008442402645935287,0.05555555555555555,22.0,0.0753989434025367
2,1,Wspd,trend_ma18,trend,18.0,train,1440,0.0008076859906341164,0.05555555555555555,22.0,0.07516649952365727
3,2,Wspd,trend_ma18,trend,18.0,train,1440,0.000833323353355136,0.05555555555555555,22.0,0.07523148360764485
4,3,Wspd,trend_ma18,trend,18.0,train,1440,0.0008902603858655509,0.05555555555555555,22.0,0.07524906745548406
5,4,Wspd,trend_ma18,trend,18.0,train,1440,0.0007883978194928958,0.05555555555555555,22.0,0.07523937652987653
6,5,Wspd,trend_ma18,trend,18.0,train,1440,0.0008786054583002494,0.05555555555555555,22.0,0.0752262692841964
7,6,Wspd,trend_ma18,trend,18.0,train,1440,0.0009066420847691244,0.05555555555555555,22.0,0.07518288900081566
8,7,Wspd,trend_ma18,trend,18.0,train,1440,0.0008210714351431799,0.05555555555555555,22.0,0.07525808906174923
1,0,Wspd,local_residual_ma18,local_residual,18.0,train,1440,0.0055656799002587855,0.05555555555555555,22.0,0.08014469838704794
2,1,Wspd,local_residual_ma18,local_residual,18.0,train,1440,0.0053664521959772785,0.05555555555555555,22.0,0.07744133226146065
3,2,Wspd,local_residual_ma18,local_residual,18.0,train,1440,0.005165568653234017,0.05555555555555555,22.0,0.07902074567629246
4,3,Wspd,local_residual_ma18,local_residual,18.0,train,1440,0.005047730367884625,0.05555555555555555,22.0,0.07701230203678554
5,4,Wspd,local_residual_ma18,local_residual,18.0,train,1440,0.005101800333107465,0.05555555555555555,22.0,0.07713571265754623
6,5,Wspd,local_residual_ma18,local_residual,18.0,train,1440,0.00566923965023972,0.05555555555555555,22.0,0.08124682452894702
7,6,Wspd,local_residual_ma18,local_residual,18.0,train,1440,0.004899195930580566,0.05555555555555555,22.0,0.07748008200255785
8,7,Wspd,local_residual_ma18,local_residual,18.0,train,1440,0.0057389567977105364,0.05555555555555555,22.0,0.07993392654002272
1,0,Wspd,trend_ma36,trend,36.0,train,1440,0.000261559369477579,0.05555555555555555,22.0,0.06576754788282385
2,1,Wspd,trend_ma36,trend,36.0,train,1440,0.0002443162322184731,0.05555555555555555,22.0,0.06557549977283336
3,2,Wspd,trend_ma36,trend,36.0,train,1440,0.00025188399953716425,0.05555555555555555,22.0,0.06562480390213539
4,3,Wspd,trend_ma36,trend,36.0,train,1440,0.00029335529039715015,0.05555555555555555,22.0,0.06564532649664563
5,4,Wspd,trend_ma36,trend,36.0,train,1440,0.0002333432744505294,0.05555555555555555,22.0,0.06565092173625427
6,5,Wspd,trend_ma36,trend,36.0,train,1440,0.00027847454510199275,0.05555555555555555,22.0,0.06563412469146564
7,6,Wspd,trend_ma36,trend,36.0,train,1440,0.00029634609485858427,0.05555555555555555,22.0,0.06558341185866302
8,7,Wspd,trend_ma36,trend,36.0,train,1440,0.0002485705942276844,0.05555555555555555,22.0,0.06565426134605969
1,0,Wspd,local_residual_ma36,local_residual,36.0,train,1440,0.0022020195022042373,0.05555555555555555,22.0,0.09920846689335822
2,1,Wspd,local_residual_ma36,local_residual,36.0,train,1440,0.0021643250084132392,0.05555555555555555,22.0,0.09693296779301962
3,2,Wspd,local_residual_ma36,local_residual,36.0,train,1440,0.002056588547262046,0.05555555555555555,22.0,0.09825751874310448
4,3,Wspd,local_residual_ma36,local_residual,36.0,train,1440,0.0019816206125611423,0.05555555555555555,22.0,0.09670124151933296
5,4,Wspd,local_residual_ma36,local_residual,36.0,train,1440,0.0020524405261449726,0.05555555555555555,22.0,0.09666624066741678
6,5,Wspd,local_residual_ma36,local_residual,36.0,train,1440,0.002239504271283359,0.05555555555555555,22.0,0.09992543885175191
7,6,Wspd,local_residual_ma36,local_residual,36.0,train,1440,0.0019642774817596113,0.05555555555555555,22.0,0.09700300801359381
8,7,Wspd,local_residual_ma36,local_residual,36.0,train,1440,0.0021994365983815777,0.05555555555555555,22.0,0.09886246402342082
