family,variant_id,display_name,run_id,seed,model_name,status,reference_only,run_dir,metrics_source_dir
F,F0,Independent dual branches,f0_smoke_v1,2026,STMGPrompt_ComponentAblation,completed,False,D:\PaperProject\GyxPaper2\custom_models\results\empirical_analysis_v1\F\f0_smoke_v1\seed_2026\STMGPrompt_ComponentAblation,D:\PaperProject\GyxPaper2\custom_models\results\empirical_analysis_v1\F\f0_smoke_v1\seed_2026\STMGPrompt_ComponentAblation
F,F1,Element-wise add,f1_smoke_v1,2026,STMGPrompt_ComponentAblation,completed,False,D:\PaperProject\GyxPaper2\custom_models\results\empirical_analysis_v1\F\f1_smoke_v1\seed_2026\STMGPrompt_ComponentAblation,D:\PaperProject\GyxPaper2\custom_models\results\empirical_analysis_v1\F\f1_smoke_v1\seed_2026\STMGPrompt_ComponentAblation
F,F2,Concat + MLP,f2_smoke_v1,2026,STMGPrompt_ComponentAblation,completed,False,D:\PaperProject\GyxPaper2\custom_models\results\empirical_analysis_v1\F\f2_smoke_v1\seed_2026\STMGPrompt_ComponentAblation,D:\PaperProject\GyxPaper2\custom_models\results\empirical_analysis_v1\F\f2_smoke_v1\seed_2026\STMGPrompt_ComponentAblation
F,F3,Unified gated fusion,f3_empirical_v1,,,pending,False,D:\PaperProject\GyxPaper2\custom_models\results\empirical_analysis_v1\F\f3_empirical_v1,
F,F3,Unified gated fusion,f3_smoke_v1,,,pending,False,D:\PaperProject\GyxPaper2\custom_models\results\empirical_analysis_v1\F\f3_smoke_v1,
F,F4,Macro-to-Fine only,f4_smoke_v1,2026,STMGPrompt_ComponentAblation,completed,False,D:\PaperProject\GyxPaper2\custom_models\results\empirical_analysis_v1\F\f4_smoke_v1\seed_2026\STMGPrompt_ComponentAblation,D:\PaperProject\GyxPaper2\custom_models\results\empirical_analysis_v1\F\f4_smoke_v1\seed_2026\STMGPrompt_ComponentAblation
F,F5,Fine-to-Coarse only,f5_smoke_v1,2026,STMGPrompt_ComponentAblation,completed,False,D:\PaperProject\GyxPaper2\custom_models\results\empirical_analysis_v1\F\f5_smoke_v1\seed_2026\STMGPrompt_ComponentAblation,D:\PaperProject\GyxPaper2\custom_models\results\empirical_analysis_v1\F\f5_smoke_v1\seed_2026\STMGPrompt_ComponentAblation
F,F6,"Bidirectional Cross-Fusion, shared projections",f6_smoke_v1,2026,STMGPrompt_ComponentAblation,reference-only,True,D:\PaperProject\GyxPaper2\custom_models\results\empirical_analysis_v1\F\f6_smoke_v1,D:\PaperProject\GyxPaper2\custom_models\results\st_mgprompt_component_ablation\component_ablation_fixed_dual_seed2026\A7\STMGPrompt_ComponentAblation
F,F7,"Bidirectional Cross-Fusion, independent projections",f7_smoke_v1,2026,STMGPrompt_ComponentAblation,reference-only,True,D:\PaperProject\GyxPaper2\custom_models\results\empirical_analysis_v1\F\f7_smoke_v1,D:\PaperProject\GyxPaper2\custom_models\results\st_mgprompt_canonical\full_fixed_dual_keep_msmgdwu_seed2026
F,F8,Mean-pooling Macro Prompt,f8_smoke_v1,2026,STMGPrompt_ComponentAblation,reference-only,True,D:\PaperProject\GyxPaper2\custom_models\results\empirical_analysis_v1\F\f8_smoke_v1,D:\PaperProject\GyxPaper2\custom_models\results\st_mgprompt_component_ablation\component_ablation_fixed_dual_seed2026\A4\STMGPrompt_ComponentAblation
G,G0,Matched Micro/Fine + Macro/Coarse,g0_smoke_v1,2026,STMGPrompt_ComponentAblation,reference-only,True,D:\PaperProject\GyxPaper2\custom_models\results\empirical_analysis_v1\G\g0_smoke_v1,D:\PaperProject\GyxPaper2\custom_models\results\st_mgprompt_canonical\full_fixed_dual_keep_msmgdwu_seed2026
G,G1,Shared Micro graph,g1_empirical_v1,,,pending,False,D:\PaperProject\GyxPaper2\custom_models\results\empirical_analysis_v1\G\g1_empirical_v1,
G,G1,Shared Micro graph,g1_smoke_v1,,,pending,False,D:\PaperProject\GyxPaper2\custom_models\results\empirical_analysis_v1\G\g1_smoke_v1,
G,G2,Shared Macro graph,g2_empirical_v1,,,pending,False,D:\PaperProject\GyxPaper2\custom_models\results\empirical_analysis_v1\G\g2_empirical_v1,
G,G2,Shared Macro graph,g2_smoke_v1,,,pending,False,D:\PaperProject\GyxPaper2\custom_models\results\empirical_analysis_v1\G\g2_smoke_v1,
G,G3,Swapped Micro/Macro graphs,g3_empirical_v1,,,pending,False,D:\PaperProject\GyxPaper2\custom_models\results\empirical_analysis_v1\G\g3_empirical_v1,
G,G3,Swapped Micro/Macro graphs,g3_smoke_v1,,,pending,False,D:\PaperProject\GyxPaper2\custom_models\results\empirical_analysis_v1\G\g3_smoke_v1,
G,G4,Distance-only dual graph,g4_empirical_v1,,,pending,False,D:\PaperProject\GyxPaper2\custom_models\results\empirical_analysis_v1\G\g4_empirical_v1,
G,G4,Distance-only dual graph,g4_smoke_v1,,,pending,False,D:\PaperProject\GyxPaper2\custom_models\results\empirical_analysis_v1\G\g4_smoke_v1,
G,G5,Statistics-only dual graph,g5_empirical_v1,,,pending,False,D:\PaperProject\GyxPaper2\custom_models\results\empirical_analysis_v1\G\g5_empirical_v1,
G,G5,Statistics-only dual graph,g5_smoke_v1,,,pending,False,D:\PaperProject\GyxPaper2\custom_models\results\empirical_analysis_v1\G\g5_smoke_v1,
G,G6,Free adaptive graph,g6_smoke_v1,2026,STMGPrompt_ComponentAblation,completed,False,D:\PaperProject\GyxPaper2\custom_models\results\empirical_analysis_v1\G\g6_smoke_v1\seed_2026\STMGPrompt_ComponentAblation,D:\PaperProject\GyxPaper2\custom_models\results\empirical_analysis_v1\G\g6_smoke_v1\seed_2026\STMGPrompt_ComponentAblation
G,G7,Fixed dual graph,g7_smoke_v1,2026,STMGPrompt_ComponentAblation,completed,False,D:\PaperProject\GyxPaper2\custom_models\results\empirical_analysis_v1\G\g7_smoke_v1\seed_2026\STMGPrompt_ComponentAblation,D:\PaperProject\GyxPaper2\custom_models\results\empirical_analysis_v1\G\g7_smoke_v1\seed_2026\STMGPrompt_ComponentAblation
G,G8,Degree-preserving random rewiring,g8_empirical_v1,,,pending,False,D:\PaperProject\GyxPaper2\custom_models\results\empirical_analysis_v1\G\g8_empirical_v1,
G,G8,Degree-preserving random rewiring,g8_smoke_v1,,,pending,False,D:\PaperProject\GyxPaper2\custom_models\results\empirical_analysis_v1\G\g8_smoke_v1,
L,L0,Equal Smooth L1,l0_smoke_v1,2026,STMGPrompt_ComponentAblation,completed,False,D:\PaperProject\GyxPaper2\custom_models\results\empirical_analysis_v1\L\l0_smoke_v1\seed_2026\STMGPrompt_ComponentAblation,D:\PaperProject\GyxPaper2\custom_models\results\empirical_analysis_v1\L\l0_smoke_v1\seed_2026\STMGPrompt_ComponentAblation
L,L1,Horizon difficulty-rate only,l1_smoke_v1,2026,STMGPrompt_ComponentAblation,completed,False,D:\PaperProject\GyxPaper2\custom_models\results\empirical_analysis_v1\L\l1_smoke_v1\seed_2026\STMGPrompt_ComponentAblation,D:\PaperProject\GyxPaper2\custom_models\results\empirical_analysis_v1\L\l1_smoke_v1\seed_2026\STMGPrompt_ComponentAblation
L,L2,Dynamic node difficulty only,l2_smoke_v1,2026,STMGPrompt_ComponentAblation,completed,False,D:\PaperProject\GyxPaper2\custom_models\results\empirical_analysis_v1\L\l2_smoke_v1\seed_2026\STMGPrompt_ComponentAblation,D:\PaperProject\GyxPaper2\custom_models\results\empirical_analysis_v1\L\l2_smoke_v1\seed_2026\STMGPrompt_ComponentAblation
L,L3,Complete MS-MG-DWU,l3_smoke_v1,2026,STMGPrompt_ComponentAblation,reference-only,True,D:\PaperProject\GyxPaper2\custom_models\results\empirical_analysis_v1\L\l3_smoke_v1,D:\PaperProject\GyxPaper2\custom_models\results\st_mgprompt_canonical\full_fixed_dual_keep_msmgdwu_seed2026
L,L4,Static increasing horizon weights,l4_empirical_v1,,,pending,False,D:\PaperProject\GyxPaper2\custom_models\results\empirical_analysis_v1\L\l4_empirical_v1,
L,L4,Static increasing horizon weights,l4_smoke_v1,,,pending,False,D:\PaperProject\GyxPaper2\custom_models\results\empirical_analysis_v1\L\l4_smoke_v1,
L,L5,Uncertainty weighting,l5_smoke_v1,2026,STMGPrompt_ComponentAblation,completed,False,D:\PaperProject\GyxPaper2\custom_models\results\empirical_analysis_v1\L\l5_smoke_v1\seed_2026\STMGPrompt_ComponentAblation,D:\PaperProject\GyxPaper2\custom_models\results\empirical_analysis_v1\L\l5_smoke_v1\seed_2026\STMGPrompt_ComponentAblation
L,L6,Dynamic weight average,l6_empirical_v1,,,pending,False,D:\PaperProject\GyxPaper2\custom_models\results\empirical_analysis_v1\L\l6_empirical_v1,
L,L6,Dynamic weight average,l6_smoke_v1,,,pending,False,D:\PaperProject\GyxPaper2\custom_models\results\empirical_analysis_v1\L\l6_smoke_v1,
L,L7,Score-aligned hybrid,l7_smoke_v1,2026,STMGPrompt_ComponentAblation,reference-only,True,D:\PaperProject\GyxPaper2\custom_models\results\empirical_analysis_v1\L\l7_smoke_v1,D:\PaperProject\GyxPaper2\custom_models\results\st_mgprompt_component_ablation\component_ablation_fixed_dual_seed2026\A8\STMGPrompt_ComponentAblation
R,R0,Canonical robustness reference,r0_smoke_v1,2026,STMGPrompt_ComponentAblation,reference-only,True,D:\PaperProject\GyxPaper2\custom_models\results\empirical_analysis_v1\R\r0_smoke_v1,D:\PaperProject\GyxPaper2\custom_models\results\st_mgprompt_canonical\full_fixed_dual_keep_msmgdwu_seed2026
T,T0,T0,T0,2026,STMGPrompt_ComponentAblation,reference-only,True,D:\PaperProject\GyxPaper2\custom_models\results\empirical_analysis_v1\T\T0,D:\PaperProject\GyxPaper2\custom_models\results\st_mgprompt_canonical\full_fixed_dual_keep_msmgdwu_seed2026
T,T0,Canonical Fixed Dual reference,t0_smoke_v1,2026,STMGPrompt_ComponentAblation,reference-only,True,D:\PaperProject\GyxPaper2\custom_models\results\empirical_analysis_v1\T\t0_smoke_v1,D:\PaperProject\GyxPaper2\custom_models\results\st_mgprompt_canonical\full_fixed_dual_keep_msmgdwu_seed2026
T,T1,Fine-only,framework_multiseed_smoke,2025,STMGPrompt_ComponentAblation,completed,False,D:\PaperProject\GyxPaper2\custom_models\results\empirical_analysis_v1\T\framework_multiseed_smoke\seed_2025\STMGPrompt_ComponentAblation,D:\PaperProject\GyxPaper2\custom_models\results\empirical_analysis_v1\T\framework_multiseed_smoke\seed_2025\STMGPrompt_ComponentAblation
T,T1,Fine-only,framework_multiseed_smoke,2026,STMGPrompt_ComponentAblation,completed,False,D:\PaperProject\GyxPaper2\custom_models\results\empirical_analysis_v1\T\framework_multiseed_smoke\seed_2026\STMGPrompt_ComponentAblation,D:\PaperProject\GyxPaper2\custom_models\results\empirical_analysis_v1\T\framework_multiseed_smoke\seed_2026\STMGPrompt_ComponentAblation
T,T1,Fine-only,t1_smoke_v1,2026,STMGPrompt_ComponentAblation,completed,False,D:\PaperProject\GyxPaper2\custom_models\results\empirical_analysis_v1\T\t1_smoke_v1\seed_2026\STMGPrompt_ComponentAblation,D:\PaperProject\GyxPaper2\custom_models\results\empirical_analysis_v1\T\t1_smoke_v1\seed_2026\STMGPrompt_ComponentAblation
T,T2,Coarse-only,t2_smoke_v1,2026,STMGPrompt_ComponentAblation,completed,False,D:\PaperProject\GyxPaper2\custom_models\results\empirical_analysis_v1\T\t2_smoke_v1\seed_2026\STMGPrompt_ComponentAblation,D:\PaperProject\GyxPaper2\custom_models\results\empirical_analysis_v1\T\t2_smoke_v1\seed_2026\STMGPrompt_ComponentAblation
T,T3,Shared temporal transform dual,t3_smoke_v1,,,pending,False,D:\PaperProject\GyxPaper2\custom_models\results\empirical_analysis_v1\T\t3_smoke_v1,
T,T4,Downsample-upsample Coarse dual,t4_smoke_v1,,,pending,False,D:\PaperProject\GyxPaper2\custom_models\results\empirical_analysis_v1\T\t4_smoke_v1,
T,T5,Fixed Dual concat/MLP interaction,t5_smoke_v1,,,pending,False,D:\PaperProject\GyxPaper2\custom_models\results\empirical_analysis_v1\T\t5_smoke_v1,
